<?xml version="1.0" encoding="UTF-8"?>
<!DOCTYPE mapper
	PUBLIC "-//mybatis.org//DTD Mapper 3.0//EN"
	"http://mybatis.org/dtd/mybatis-3-mapper.dtd">

<mapper namespace="com.project.springboot.dao.IBoardInfoDao">
	<select id="listDao" parameterType="com.project.springboot.dto.ParameterDTO" resultType="com.project.springboot.dto.BoardInfoDto">
		SELECT * FROM (
		SELECT Tb.*, rowNum rNum FROM (
			SELECT * FROM board
			<if test="searchWord!=null
				and !searchWord.equals(' ')">
			WHERE ${searchField} LIKE
					'%'|| #{searchWord} ||'%'
			</if>
			ORDER BY idx DESC
			) Tb 
		)
		WHERE rNum<![CDATA[>=]]>#{start} AND rNum<![CDATA[<=]]>#{end}		
	</select>
	<select id="viewDao" resultType="com.project.springboot.dto.BoardInfoDto">
		SELECT * 
		FROM board 
		WHERE idx = #{idx}
	</select>
	<insert id="writeDao">
		INSERT INTO board (idx, id, title, content, ofile, sfile)
			VALUES (board_seq.nextval, #{id}, #{title}, #{content}, #{ofile, jdbcType=VARCHAR}, #{sfile, jdbcType=VARCHAR})
	</insert>
	<delete id="deleteDao">
	<!-- 결과 값이 없으므로 resultType 생략  -->
		DELETE FROM board WHERE idx = #{idx}
	</delete>
	<update id="editDao">
		UPDATE board 
		SET id = #{id}, title = #{title}, content = #{content}, ofile = #{ofile, jdbcType=VARCHAR}, sfile = #{sfile, jdbcType=VARCHAR}  
		WHERE idx = #{idx}
	</update>
	<update id="updateViewCount" >
		UPDATE board 
		SET viewCount=viewCount+1 
		WHERE idx = #{idx}
	</update>
	<update id="addLike">
		UPDATE board
		SET likeCount=likeCount+1 
		WHERE idx = #{idx}
	</update>
	<select id="getTotalCount" parameterType="com.project.springboot.dto.ParameterDTO" resultType="int">
		SELECT COUNT(*)
		FROM board
	</select>
</mapper>